,wl,u,g,r,i,z,y
0,300,0.0007109999999999999,0.0,0.0,3.4e-05,0.0,0.0
1,301,0.00043999999999999996,0.0,0.0,0.000155,0.0,0.0
2,302,0.0005909999999999999,0.0,0.0,7.2e-05,0.0,0.0
3,303,2.2000000000000003e-05,0.0,0.0,3.4e-05,0.0,0.0
4,304,0.000229,0.0,0.0,3.4e-05,0.0,0.0
5,305,2.6e-05,0.0,0.0,2.8999999999999997e-05,0.0,0.0
6,306,0.000199,0.0,0.0,4e-05,0.0,0.0
7,307,0.000478,0.0,0.0,6.7e-05,0.0,0.0
8,308,9e-06,0.0,0.0,2e-05,0.0,0.0
9,309,2.3e-05,0.0,0.0,1.4e-05,0.0,0.0
10,310,5.999999999999999e-06,0.0,0.0,2.6e-05,0.0,0.0
11,311,0.000229,0.0,0.0,5.4000000000000005e-05,0.0,0.0
12,312,0.000131,0.0,0.0,3.5000000000000004e-05,0.0,0.0
13,313,5.1000000000000006e-05,0.0,0.0,2.3e-05,0.0,0.0
14,314,4.4999999999999996e-05,0.0,0.0,2.8999999999999997e-05,0.0,0.0
15,315,3e-05,0.0,0.0,4e-05,0.0,0.0
16,316,3.8e-05,0.0,0.0,6.5e-05,0.0,0.0
17,317,0.000305,0.0,0.0,3.9e-05,0.0,0.0
18,318,0.000802,0.0,0.0,2.2000000000000003e-05,0.0,0.0
19,319,0.001594,0.0,0.0,3.4e-05,0.0,0.0
20,320,0.002336,0.0,0.0,6.6e-05,0.0,0.0
21,321,0.00336,0.0,0.0,4.7000000000000004e-05,0.0,0.0
22,322,0.02138,0.0,0.0,4.1e-05,0.0,0.0
23,323,0.040633,0.0,0.0,4e-05,0.0,0.0
24,324,0.036551,0.0,0.0,3.7000000000000005e-05,0.0,0.0
25,325,0.050441,0.0,0.0,4.4999999999999996e-05,0.0,0.0
26,326,0.056614000000000005,0.0,0.0,5.7e-05,0.0,0.0
27,327,0.044057000000000006,0.0,0.0,3.6e-05,0.0,0.0
28,328,0.08671799999999999,0.0,0.0,2.6e-05,0.0,0.0
29,329,0.12451599999999999,0.0,0.0,4.2e-05,0.0,0.0
30,330,0.103972,0.0,0.0,5.1000000000000006e-05,0.0,0.0
31,331,0.13907999999999998,0.0,0.0,3.4e-05,0.0,0.0
32,332,0.11685600000000002,0.0,0.0,4.2e-05,0.0,0.0
33,333,0.119397,0.0,0.0,4.6e-05,0.0,0.0
34,334,0.155791,0.0,0.0,6.4e-05,0.0,0.0
35,335,0.174618,0.0,0.0,3.9e-05,0.0,0.0
36,336,0.16871099999999997,0.0,0.0,5e-05,0.0,0.0
37,337,0.17325500000000002,0.0,0.0,7.7e-05,0.0,0.0
38,338,0.171156,0.0,0.0,0.000115,0.0,0.0
39,339,0.199183,0.0,0.0,7.1e-05,0.0,0.0
40,340,0.20024999999999998,0.0,0.0,0.000105,0.0,0.0
41,341,0.22215,0.0,0.0,0.000131,0.0,0.0
42,342,0.22690100000000002,0.0,0.0,8.999999999999999e-05,0.0,0.0
43,343,0.224014,0.0,0.0,0.00012,0.0,0.0
44,344,0.249055,0.0,0.0,0.000298,0.0,0.0
45,345,0.254116,0.0,0.0,0.000669,0.0,0.0
46,346,0.248796,0.0,0.0,0.000201,0.0,0.0
47,347,0.26779800000000004,0.0,0.0,0.00026700000000000004,0.0,0.0
48,348,0.27003299999999997,0.0,0.0,0.000794,0.0,0.0
49,349,0.268513,0.0,0.0,0.000601,0.0,0.0
50,350,0.279926,0.0,0.0,0.000275,0.0,0.0
51,351,0.27998,0.0,0.0,0.0006940000000000001,0.0,0.0
52,352,0.287205,0.0,0.0,0.000214,0.0,0.0
53,353,0.288734,0.0,0.0,0.0002,0.0,0.0
54,354,0.291219,0.0,0.0,0.0006140000000000001,0.0,0.0
55,355,0.29582,0.0,0.0,0.000661,0.0,0.0
56,356,0.301064,0.0,0.0,0.000172,0.0,0.0
57,357,0.304586,0.0,0.0,0.00010999999999999999,0.0,0.0
58,358,0.309357,0.0,0.0,9.499999999999999e-05,0.0,0.0
59,359,0.313438,0.0,0.0,9.2e-05,0.0,0.0
60,360,0.316088,0.0,0.0,0.00010899999999999999,0.0,0.0
61,361,0.315596,0.0,0.0,0.000143,0.0,0.0
62,362,0.32120899999999997,0.0,0.0,0.000136,0.0,0.0
63,363,0.32882399999999995,0.0,0.0,0.000115,0.0,0.0
64,364,0.32874000000000003,0.0,0.0,9.400000000000001e-05,0.0,0.0
65,365,0.336947,0.0,0.0,9.3e-05,0.0,0.0
66,366,0.335051,0.0,0.0,0.000119,0.0,0.0
67,367,0.340882,0.0,0.0,0.000196,0.0,0.0
68,368,0.346226,0.0,0.0,0.000386,0.0,0.0
69,369,0.348931,0.0,0.0,0.00058,0.0,0.0
70,370,0.35536700000000004,0.0,0.0,0.000658,0.0,0.0
71,371,0.361643,0.0,0.0,0.000846,0.0,0.0
72,372,0.362244,0.0,0.0,0.001333,0.0,0.0
73,373,0.366616,0.0,0.0,0.00033,0.0,0.0
74,374,0.37294400000000005,0.0,0.0,0.000264,0.0,0.0
75,375,0.37339300000000003,0.0,0.0,0.000383,0.0,0.0
76,376,0.381305,0.0,0.0,0.00046699999999999997,0.0,0.0
77,377,0.382737,0.0,0.0,0.000692,0.0,0.0
78,378,0.391065,0.0,0.0,0.001366,0.0,0.0
79,379,0.39753700000000003,0.0,0.0,0.00136,0.0,0.0
80,380,0.39759099999999997,0.0,0.0,0.000931,0.0,0.0
81,381,0.40143300000000004,0.0,0.0,0.00046600000000000005,0.0,0.0
82,382,0.409741,0.0,0.0,0.000479,0.0,0.0
83,383,0.409032,0.0,0.0,0.000686,0.0,0.0
84,384,0.411103,0.0,0.0,0.0006180000000000001,0.0,0.0
85,385,0.41603900000000005,0.006081,0.001357,0.000489,3.2e-05,1e-06
86,386,0.420661,0.00912,0.001204,0.000921,4.1e-05,1e-06
87,387,0.419282,0.01529,0.000897,0.00086,1e-05,2e-06
88,388,0.42658799999999997,0.029662,0.000726,0.000599,4.1e-05,9e-06
89,389,0.43371099999999996,0.040271,0.0006940000000000001,0.00049,5e-06,0.000169
90,390,0.435191,0.040133,0.000794,0.0007149999999999999,1.3e-05,0.001168
91,391,0.431835,0.047218,0.001038,0.00075,2.6e-05,2e-06
92,392,0.439095,0.065261,0.0012670000000000001,0.000224,0.000179,1e-06
93,393,0.43632899999999997,0.085657,0.0011200000000000001,0.000146,9e-06,1e-06
94,394,0.445436,0.105031,0.000863,8.5e-05,5.4000000000000005e-05,1e-06
95,395,0.441573,0.130557,0.000791,5.1000000000000006e-05,0.00023199999999999997,2.9999999999999997e-06
96,396,0.36088299999999995,0.150241,0.0009299999999999999,6.6e-05,2.6e-05,8.099999999999999e-05
97,397,0.29325,0.15489,0.001152,0.000132,0.000608,4.1e-05
98,398,0.32799,0.17674600000000001,0.001116,0.000128,5.4999999999999995e-05,2.9999999999999997e-06
99,399,0.34516399999999997,0.21593,0.000825,0.00010899999999999999,6.1000000000000005e-05,1e-06
100,400,0.274712,0.25033,0.000601,0.000118,1.3e-05,1e-06
101,401,0.274781,0.278737,0.000522,5.4999999999999995e-05,1.6e-05,1e-06
102,402,0.286196,0.299595,0.000565,2.1e-05,7.8e-05,1e-06
103,403,0.162893,0.303206,0.000751,1.3e-05,0.000152,2e-06
104,404,0.117476,0.315536,0.001065,1.4e-05,6.3e-05,1e-06
105,405,0.118588,0.34670900000000004,0.001084,2.1e-05,3.5000000000000004e-05,1e-06
106,406,0.118475,0.376652,0.0007520000000000001,1.8e-05,2.8999999999999997e-05,1e-06
107,407,0.046105,0.395917,0.000531,2.1e-05,9e-06,2e-06
108,408,0.026042999999999997,0.41686300000000004,0.000474,2.5e-05,1.8e-05,2.9999999999999997e-06
109,409,0.052756,0.43428100000000003,0.000574,1.5e-05,2.5e-05,5e-06
110,410,0.037359,0.440665,0.000867,7e-06,0.00016,1.7e-05
111,411,0.009894,0.452356,0.001057,5e-06,3.4e-05,0.00021600000000000002
112,412,0.0050880000000000005,0.47303199999999995,0.0013700000000000001,5.999999999999999e-06,2.5e-05,4.7999999999999994e-05
113,413,0.0042380000000000004,0.486134,0.001136,8e-06,6e-05,7.1e-05
114,414,0.002856,0.48808799999999997,0.0007030000000000001,1.6e-05,6.7e-05,0.00014800000000000002
115,415,0.0009270000000000001,0.487205,0.000525,3.1e-05,0.000166,3.6e-05
116,416,0.002547,0.486873,0.000526,1.8e-05,0.001011,5e-06
117,417,0.0049440000000000005,0.48605600000000004,0.000723,7e-06,0.000166,0.000445
118,418,0.000214,0.487371,0.00122,4e-06,0.000155,1.5e-05
119,419,0.00014000000000000001,0.490006,0.001444,4e-06,0.000543,2.3e-05
120,420,5.4000000000000005e-05,0.4935,0.0009660000000000001,4e-06,0.001643,1.1000000000000001e-05
121,421,1e-05,0.49483699999999997,0.00062,5e-06,0.001168,2.7000000000000002e-05
122,422,3.7000000000000005e-05,0.49257199999999995,0.0005729999999999999,5e-06,1.8e-05,0.000538
123,423,0.000131,0.490548,0.001124,5.999999999999999e-06,1e-05,3.4e-05
124,424,4.4999999999999996e-05,0.490736,0.001242,5e-06,3.2e-05,2.9999999999999997e-06
125,425,0.000107,0.492445,0.001168,4e-06,0.000135,2e-06
126,426,4.9e-05,0.49371499999999996,0.0033510000000000002,4e-06,5.3e-05,4e-06
127,427,3.2e-05,0.495986,0.00773,5e-06,0.000121,0.001027
128,428,7e-06,0.49848,0.002137,8e-06,1.8e-05,2e-06
129,429,5.7e-05,0.49878999999999996,0.000969,1.4e-05,0.000164,1e-06
130,430,9.499999999999999e-05,0.496928,0.000742,2.2000000000000003e-05,5.999999999999999e-06,1e-06
131,431,1.7e-05,0.496449,0.000961,2.2000000000000003e-05,0.000114,1e-06
132,432,1.9e-05,0.498106,0.002853,1.7e-05,0.000114,0.0
133,433,7.1e-05,0.497318,0.0037630000000000003,1.5e-05,1.4e-05,0.0
134,434,1.1999999999999999e-05,0.496594,0.00314,1.6e-05,4e-06,0.0
135,435,3.1e-05,0.49772799999999995,0.001034,2e-05,9e-06,1e-06
136,436,8.5e-05,0.499491,0.000779,2.5e-05,1e-06,2.3e-05
137,437,1e-06,0.499394,0.001124,3.3e-05,1e-06,4.7000000000000004e-05
138,438,0.0,0.498963,0.003975,3.5000000000000004e-05,0.0,1e-06
139,439,0.0,0.500538,0.007125,2.8999999999999997e-05,0.0,0.0
140,440,0.0,0.50242,0.0011070000000000001,2.7000000000000002e-05,0.0,0.0
141,441,0.0,0.502395,0.00316,2.5e-05,0.0,0.0
142,442,1e-06,0.502249,0.00035999999999999997,3.3e-05,0.0,0.0
143,443,1e-06,0.504611,0.000214,6.4e-05,1e-06,0.0
144,444,2e-06,0.5055510000000001,0.000206,9.1e-05,4.4000000000000006e-05,1e-06
145,445,4e-06,0.504514,0.000276,4.7999999999999994e-05,0.0,4e-06
146,446,5e-06,0.503648,0.000562,2.8999999999999997e-05,0.0,1.3e-05
147,447,0.0,0.50625,0.0029389999999999998,2.2000000000000003e-05,0.0,2e-06
148,448,0.0,0.509664,0.003887,2.2000000000000003e-05,0.0,1e-06
149,449,2.9999999999999997e-06,0.511285,0.001006,3.1e-05,0.0,5e-06
150,450,0.0,0.512192,0.000229,4.2e-05,0.0,0.0
151,451,1e-06,0.513627,0.000101,4.9e-05,0.0,0.0
152,452,5.999999999999999e-06,0.515701,5.7e-05,3.9e-05,0.0,0.0
153,453,2.3e-05,0.5169469999999999,3.7000000000000005e-05,3.8e-05,0.0,0.0
154,454,0.0,0.5162140000000001,2.6e-05,3e-05,0.0,2e-06
155,455,0.0,0.515904,1.9e-05,2.1e-05,0.0,2.6e-05
156,456,1e-06,0.517489,1.5e-05,1.5e-05,0.0,0.0011840000000000002
157,457,0.0,0.518822,1.1999999999999999e-05,1.3e-05,0.0,0.0
158,458,0.0,0.5195879999999999,9e-06,1.3e-05,0.0,0.0
159,459,0.0,0.519645,8e-06,1.6e-05,0.0,1e-06
160,460,0.0,0.520515,7e-06,2.3999999999999997e-05,0.0,1e-06
161,461,0.0,0.5216729999999999,5.999999999999999e-06,4.6e-05,0.0,1e-06
162,462,0.0,0.5221589999999999,5e-06,8.3e-05,0.0,1e-06
163,463,0.0,0.5222249999999999,4e-06,5e-05,0.0,2e-06
164,464,0.0,0.523726,4e-06,2.7000000000000002e-05,0.0,9e-06
165,465,0.0,0.525325,4e-06,1.9e-05,0.0,6.6e-05
166,466,0.0,0.527855,4e-06,1.8e-05,0.0,0.000276
167,467,0.0,0.530715,2.9999999999999997e-06,2.7000000000000002e-05,0.0,2.8999999999999997e-05
168,468,0.0,0.531376,2.9999999999999997e-06,1.6e-05,0.0,9e-06
169,469,0.0,0.530911,2.9999999999999997e-06,1.1000000000000001e-05,0.0,8e-06
170,470,0.0,0.530837,2.9999999999999997e-06,1.1999999999999999e-05,0.0,3e-05
171,471,0.0,0.531354,2.9999999999999997e-06,2.2000000000000003e-05,0.0,3.4e-05
172,472,0.0,0.533095,4e-06,5.4999999999999995e-05,0.0,2.8999999999999997e-05
173,473,0.0,0.534396,4e-06,4.4999999999999996e-05,0.0,3.2e-05
174,474,0.0,0.533997,4e-06,5.1000000000000006e-05,0.0,2.1e-05
175,475,0.0,0.534385,4e-06,2.5e-05,0.0,1.8e-05
176,476,0.0,0.534938,4e-06,1.3e-05,0.0,0.000101
177,477,0.0,0.536691,5e-06,8e-06,0.0,5.9e-05
178,478,0.0,0.537161,5.999999999999999e-06,5.999999999999999e-06,0.0,7.7e-05
179,479,0.0,0.537027,7e-06,5e-06,0.0,2.8e-05
180,480,0.0,0.538396,9e-06,5.999999999999999e-06,0.0,1.7e-05
181,481,0.0,0.54102,1.1000000000000001e-05,1.1000000000000001e-05,0.0,1.3e-05
182,482,0.0,0.54302,1.4e-05,3.7000000000000005e-05,0.0,1.6e-05
183,483,0.0,0.543503,1.9e-05,4.4000000000000006e-05,0.0,2.3e-05
184,484,0.0,0.542927,2.7000000000000002e-05,1.6e-05,0.0,3.7000000000000005e-05
185,485,0.0,0.542605,4.2e-05,9e-06,0.0,6.4e-05
186,486,0.0,0.543528,6.8e-05,1.4e-05,0.0,0.000105
187,487,0.0,0.546119,0.000119,5.999999999999999e-06,0.0,2.6e-05
188,488,0.0,0.548331,0.000207,2.9999999999999997e-06,0.0,1e-05
189,489,0.0,0.549046,0.000291,2e-06,0.0,1.3e-05
190,490,0.0,0.550704,0.000274,2.9999999999999997e-06,0.0,2.7000000000000002e-05
191,491,0.0,0.5528730000000001,0.000223,8e-06,0.0,4.4000000000000006e-05
192,492,0.0,0.555204,0.00021600000000000002,3.5000000000000004e-05,0.0,5.1000000000000006e-05
193,493,0.0,0.555458,0.000237,5.4000000000000005e-05,0.0,3.9e-05
194,494,0.0,0.555941,0.00019800000000000002,5e-05,0.0,6.8e-05
195,495,0.0,0.556781,0.000155,8e-06,0.0,4.9e-05
196,496,1e-06,0.559376,0.000144,2e-06,0.0,5.7999999999999994e-05
197,497,2e-05,0.561302,0.000164,1e-06,0.0,0.000171
198,498,2.3999999999999997e-05,0.563375,0.00022700000000000002,1e-06,0.0,0.000131
199,499,2.9999999999999997e-06,0.563396,0.000332,1e-06,0.0,7.1e-05
200,500,2e-06,0.5640160000000001,0.00040300000000000004,2e-06,0.0,7.3e-05
201,501,2.9999999999999997e-06,0.564066,0.000392,2.9999999999999997e-06,0.0,0.000194
202,502,1.4e-05,0.5652429999999999,0.00030900000000000003,7e-06,0.0,0.000173
203,503,8.2e-05,0.566079,0.000235,1.5e-05,0.0,9.499999999999999e-05
204,504,0.0037890000000000003,0.567472,0.000196,2.8e-05,0.0,0.00033099999999999997
205,505,4.7000000000000004e-05,0.56953,0.000179,4e-05,0.0,0.00030700000000000004
206,506,4.4999999999999996e-05,0.570701,0.00017500000000000003,4.7000000000000004e-05,0.0,0.000174
207,507,3e-05,0.572576,0.00017999999999999998,3.1e-05,0.0,4.7000000000000004e-05
208,508,1.1999999999999999e-05,0.574525,0.000193,1.4e-05,0.0,3.6e-05
209,509,4e-05,0.5744859999999999,0.000213,8e-06,0.0,5.2e-05
210,510,7.400000000000001e-05,0.57387,0.000241,8e-06,0.0,5.4999999999999995e-05
211,511,0.000582,0.573628,0.00028000000000000003,8e-06,0.0,1.4e-05
212,512,0.000319,0.572942,0.00033,8e-06,0.0,5.999999999999999e-06
213,513,0.000107,0.572942,0.00039600000000000003,8e-06,0.0,4e-06
214,514,9.499999999999999e-05,0.5732269999999999,0.000481,8e-06,0.0,4e-06
215,515,0.003407,0.573786,0.0005899999999999999,1e-05,0.0,4e-06
216,516,0.000126,0.574337,0.000729,1.4e-05,0.0,4e-06
217,517,0.00013299999999999998,0.575517,0.000904,1.8e-05,0.0,5.999999999999999e-06
218,518,0.00010200000000000001,0.576754,0.001124,1.4e-05,0.0,8e-06
219,519,0.000336,0.5771390000000001,0.001392,1e-05,0.0,1.1000000000000001e-05
220,520,0.000269,0.578003,0.001719,5.999999999999999e-06,0.0,8e-06
221,521,0.000524,0.578383,0.002115,5e-06,0.0,7e-06
222,522,0.000535,0.57602,0.0025840000000000004,5.999999999999999e-06,0.0,9e-06
223,523,0.000898,0.57203,0.00314,5.999999999999999e-06,0.0,1.8e-05
224,524,0.000302,0.5696840000000001,0.003808,4e-06,0.0,4.6e-05
225,525,0.00021999999999999998,0.569603,0.004602,2.9999999999999997e-06,0.0,5.1000000000000006e-05
226,526,8.3e-05,0.572064,0.005542,2e-06,0.0,4.1e-05
227,527,2.3999999999999997e-05,0.5770810000000001,0.0066749999999999995,2e-06,0.0,4.9e-05
228,528,2.6e-05,0.580263,0.008024,2.9999999999999997e-06,0.0,8.800000000000001e-05
229,529,0.000151,0.582917,0.009693,4e-06,0.0,0.000169
230,530,0.001043,0.583542,0.011763999999999998,7e-06,0.0,0.000172
231,531,0.0012900000000000001,0.584939,0.014434,9e-06,0.0,9.3e-05
232,532,0.000722,0.5879460000000001,0.017967,1.6e-05,0.0,4.2e-05
233,533,0.000684,0.589564,0.022624,5.7999999999999994e-05,0.0,2.8e-05
234,534,0.00031600000000000004,0.590886,0.028865,0.000164,0.0,4.4000000000000006e-05
235,535,4.3e-05,0.589912,0.037012,9.599999999999999e-05,0.0,4.7999999999999994e-05
236,536,7e-06,0.588273,0.047415000000000006,4.7000000000000004e-05,1e-06,4.7999999999999994e-05
237,537,2.9999999999999997e-06,0.584448,0.059984,4.7000000000000004e-05,9e-06,5.9e-05
238,538,2e-06,0.575457,0.07399,6.8e-05,0.00031600000000000004,9.499999999999999e-05
239,539,4e-06,0.561193,0.08823399999999999,0.000123,0.00021600000000000002,0.00017600000000000002
240,540,3e-05,0.541953,0.10081699999999999,0.00028199999999999997,3.1e-05,0.000294
241,541,7.900000000000001e-05,0.521397,0.110694,6e-05,8e-06,0.000212
242,542,2.9999999999999997e-06,0.502566,0.118723,2.3e-05,2.9999999999999997e-06,0.00012200000000000001
243,543,1e-06,0.484591,0.127016,1.9e-05,1e-06,6.4e-05
244,544,0.0,0.467627,0.13841699999999998,4.7000000000000004e-05,1e-06,2.8e-05
245,545,0.0,0.453164,0.155498,0.000243,1e-06,1.8e-05
246,546,0.0,0.439593,0.180311,0.0011740000000000001,1e-06,1.6e-05
247,547,0.0,0.42053199999999996,0.215013,0.000581,2.9999999999999997e-06,1.8e-05
248,548,0.0,0.388968,0.260016,0.000312,2e-06,2.5e-05
249,549,0.0,0.346838,0.31122299999999997,6.9e-05,5e-06,3.4e-05
250,550,0.0,0.302327,0.35776800000000003,2e-05,2.2000000000000003e-05,5e-05
251,551,0.0,0.264532,0.390422,1.4e-05,1.9e-05,0.000103
252,552,0.0,0.236412,0.40796,1.9e-05,4.3e-05,0.00012
253,553,1e-06,0.21596,0.416371,5e-05,6.6e-05,6.6e-05
254,554,0.0,0.19730899999999998,0.42410400000000004,0.00052,0.000149,3.3e-05
255,555,0.0,0.17177900000000002,0.43512900000000004,0.000115,0.0005290000000000001,2.6e-05
256,556,0.0,0.13606,0.45279200000000003,2.7000000000000002e-05,0.000136,3.2e-05
257,557,0.0,0.094927,0.476207,1.3e-05,6.5e-05,1.8e-05
258,558,0.0,0.059269999999999996,0.506876,9e-06,6.3e-05,1.3e-05
259,559,0.0,0.034629,0.541277,8e-06,9.599999999999999e-05,1.4e-05
260,560,5e-06,0.019913,0.57424,1.1000000000000001e-05,0.00012200000000000001,2.1e-05
261,561,0.0,0.011616999999999999,0.597124,2.8999999999999997e-05,8.999999999999999e-05,4.4000000000000006e-05
262,562,0.0,0.0069830000000000005,0.607019,1.3e-05,0.000294,0.00010800000000000001
263,563,0.0,0.004348,0.60802,1.9e-05,9.400000000000001e-05,0.000155
264,564,0.0,0.0028079999999999997,0.606823,5.1000000000000006e-05,0.000123,8.6e-05
265,565,0.0,0.0018729999999999999,0.605013,9.599999999999999e-05,0.000289,4.7999999999999994e-05
266,566,0.0,0.0012920000000000002,0.6053609999999999,7.000000000000001e-05,0.000638,1.9e-05
267,567,0.0,0.0009170000000000001,0.60645,0.000135,0.0014910000000000001,1.1999999999999999e-05
268,568,0.0,0.000667,0.607328,2.6e-05,0.000225,1e-05
269,569,5e-06,0.000496,0.608067,0.000115,0.000118,1.1000000000000001e-05
270,570,3.2e-05,0.000378,0.60972,2.3999999999999997e-05,0.00029,1.1999999999999999e-05
271,571,2.9999999999999997e-06,0.000293,0.612214,9e-06,0.00015,1.3e-05
272,572,2e-06,0.00023,0.61434,5.999999999999999e-06,0.000182,1.8e-05
273,573,2e-06,0.000185,0.6169709999999999,5.999999999999999e-06,0.00023,2.6e-05
274,574,4e-06,0.000149,0.6174240000000001,7e-06,0.000171,2.6e-05
275,575,5e-06,0.00012200000000000001,0.615916,1.1000000000000001e-05,8.800000000000001e-05,2.6e-05
276,576,5e-06,0.0001,0.613201,2.8e-05,7.8e-05,3e-05
277,577,7e-06,8.4e-05,0.611383,6.1000000000000005e-05,0.000137,2.8e-05
278,578,3.7000000000000005e-05,7.000000000000001e-05,0.610156,6.2e-05,0.00043599999999999997,2.7000000000000002e-05
279,579,0.000392,5.9e-05,0.6109,9.400000000000001e-05,0.001596,2.8e-05
280,580,4.1e-05,5e-05,0.614362,2e-05,0.000114,3.6e-05
281,581,6.5e-05,4.2e-05,0.618533,9e-06,0.000886,4.9e-05
282,582,0.000936,3.6e-05,0.623083,5.999999999999999e-06,5.3e-05,6.5e-05
283,583,6.8e-05,3.1e-05,0.625831,9e-06,7.900000000000001e-05,7.6e-05
284,584,2.5e-05,2.6e-05,0.626134,1.9e-05,9.900000000000001e-05,8.3e-05
285,585,9e-06,2.2000000000000003e-05,0.624501,5e-06,9.1e-05,7.900000000000001e-05
286,586,2e-05,1.9e-05,0.622221,2.9999999999999997e-06,0.00018800000000000002,6e-05
287,587,3.7000000000000005e-05,1.6e-05,0.619578,2.9999999999999997e-06,0.000313,3.9e-05
288,588,2.9999999999999997e-06,1.4e-05,0.617876,4e-06,0.000238,2.6e-05
289,589,2e-06,1.1999999999999999e-05,0.618174,5.999999999999999e-06,0.000179,2.1e-05
290,590,2.9999999999999997e-06,1e-05,0.620124,1.5e-05,0.000274,2.1e-05
291,591,4.1e-05,8e-06,0.62324,6.5e-05,0.000201,2.5e-05
292,592,8.2e-05,7e-06,0.626625,2.3e-05,0.00025499999999999996,3.8e-05
293,593,0.0026950000000000003,5.999999999999999e-06,0.629204,4.3e-05,0.000183,6.7e-05
294,594,0.0008100000000000001,5.999999999999999e-06,0.631533,1.5e-05,0.000126,0.000107
295,595,0.001701,5e-06,0.632621,1.6e-05,9.499999999999999e-05,9.900000000000001e-05
296,596,0.000354,4e-06,0.633062,2.3999999999999997e-05,9.1e-05,8.3e-05
297,597,8e-06,4e-06,0.631656,3.1e-05,0.000125,8.6e-05
298,598,1e-06,4e-06,0.630602,2.3999999999999997e-05,0.00021700000000000002,0.000124
299,599,1e-06,2.9999999999999997e-06,0.629731,1.6e-05,0.000333,0.000114
300,600,0.0,2.9999999999999997e-06,0.629857,1.3e-05,0.000301,5.4000000000000005e-05
301,601,2e-06,2.9999999999999997e-06,0.630935,1.4e-05,0.000245,2.8999999999999997e-05
302,602,0.0,2e-06,0.633491,1.4e-05,0.000166,2.1e-05
303,603,0.0,2e-06,0.636831,1.1999999999999999e-05,0.000134,1.8e-05
304,604,0.0,2e-06,0.639539,9e-06,0.00015900000000000002,2.1e-05
305,605,0.0,2e-06,0.641798,9e-06,0.000305,3.2e-05
306,606,0.0,2e-06,0.642743,1e-05,0.0006450000000000001,7.1e-05
307,607,0.0,2e-06,0.642405,1.1999999999999999e-05,0.000201,0.0001
308,608,0.0,2e-06,0.641645,1.8e-05,9.499999999999999e-05,0.000144
309,609,0.0,2e-06,0.641045,2.8e-05,5.6e-05,8.6e-05
310,610,0.0,2e-06,0.641035,3.4e-05,4.3e-05,3.6e-05
311,611,0.0,2e-06,0.6425620000000001,3.7000000000000005e-05,7.7e-05,1.9e-05
312,612,0.0,2e-06,0.645066,4e-05,3.6e-05,1.3e-05
313,613,0.0,2e-06,0.648105,5.1000000000000006e-05,2.7000000000000002e-05,1.1000000000000001e-05
314,614,0.0,2e-06,0.6499379999999999,6.6e-05,2.7000000000000002e-05,1e-05
315,615,0.0,2e-06,0.651205,5.9e-05,3.1e-05,1.1000000000000001e-05
316,616,0.0,2e-06,0.6519039999999999,4e-05,4.1e-05,1e-05
317,617,0.0,2e-06,0.650556,3.3e-05,7.000000000000001e-05,8e-06
318,618,0.0,2e-06,0.6498180000000001,3.6e-05,0.00018700000000000002,5.999999999999999e-06
319,619,0.0,2e-06,0.649481,3.5000000000000004e-05,0.00026599999999999996,5e-06
320,620,0.0,2e-06,0.6504949999999999,2.5e-05,0.000144,4e-06
321,621,0.0,2e-06,0.651802,1.9e-05,0.00010800000000000001,5e-06
322,622,0.0,2e-06,0.654318,1.8e-05,5.6e-05,5e-06
323,623,0.0,2e-06,0.656947,1.9e-05,5.6e-05,7e-06
324,624,0.0,2e-06,0.6589499999999999,2.3e-05,6.4e-05,1e-05
325,625,0.0,2e-06,0.659422,3.1e-05,6e-05,1.5e-05
326,626,0.0,2e-06,0.658928,4.9e-05,4.4999999999999996e-05,2.7000000000000002e-05
327,627,0.0,2e-06,0.6572060000000001,7.1e-05,3.2e-05,5.1000000000000006e-05
328,628,0.0,2.9999999999999997e-06,0.6566540000000001,7.900000000000001e-05,2.6e-05,9.7e-05
329,629,0.0,2.9999999999999997e-06,0.656673,7.8e-05,2.7000000000000002e-05,0.00017
330,630,0.0,2.9999999999999997e-06,0.6583410000000001,7.5e-05,4.1e-05,0.000268
331,631,0.0,2.9999999999999997e-06,0.659957,9.3e-05,9.7e-05,0.000388
332,632,0.0,2.9999999999999997e-06,0.6629989999999999,0.000144,0.00020299999999999997,0.000571
333,633,0.0,2.9999999999999997e-06,0.664745,0.000229,0.00025499999999999996,0.0007599999999999999
334,634,0.0,2.9999999999999997e-06,0.66629,0.000286,0.00017600000000000002,0.000387
335,635,0.0,2.9999999999999997e-06,0.6669029999999999,0.000257,7.6e-05,0.000124
336,636,0.0,2.9999999999999997e-06,0.665316,0.000215,3.4e-05,5.2e-05
337,637,0.0,2.9999999999999997e-06,0.6638970000000001,0.00020400000000000003,1.9e-05,3.2e-05
338,638,0.0,2.9999999999999997e-06,0.6635179999999999,0.000215,1.5e-05,3.2e-05
339,639,0.0,2.9999999999999997e-06,0.664048,0.00020400000000000003,1.6e-05,8.9e-05
340,640,0.0,4e-06,0.666048,0.000182,1.7e-05,5.2e-05
341,641,0.0,4e-06,0.669331,0.000172,1.4e-05,3.4e-05
342,642,0.0,4e-06,0.672488,0.000177,1.1000000000000001e-05,3.8e-05
343,643,0.0,4e-06,0.675839,0.000199,9e-06,4.7999999999999994e-05
344,644,0.0,4e-06,0.677944,0.000241,1.1000000000000001e-05,6.3e-05
345,645,0.0,5e-06,0.677899,0.00031600000000000004,1.6e-05,8.800000000000001e-05
346,646,0.0,5e-06,0.678176,0.000439,2.6e-05,0.000149
347,647,0.0,5.999999999999999e-06,0.6772889999999999,0.0005870000000000001,0.0025800000000000003,0.000312
348,648,0.0,5.999999999999999e-06,0.677349,0.0007099999999999999,5.1000000000000006e-05,0.00021899999999999998
349,649,0.0,7e-06,0.678528,0.000819,0.0018490000000000002,0.00016199999999999998
350,650,0.0,7e-06,0.680536,0.000942,3e-05,0.000171
351,651,0.0,8e-06,0.683756,0.00113,1.3e-05,9.499999999999999e-05
352,652,0.0,8e-06,0.6877800000000001,0.001392,1.1999999999999999e-05,9.400000000000001e-05
353,653,0.0,1e-05,0.69026,0.001707,1.6e-05,9.599999999999999e-05
354,654,0.0,1.1000000000000001e-05,0.693478,0.002053,1.9e-05,9.499999999999999e-05
355,655,0.0,1.1999999999999999e-05,0.694469,0.002393,2.2000000000000003e-05,8.3e-05
356,656,0.0,1.4e-05,0.695013,0.002716,2e-05,6.1000000000000005e-05
357,657,0.0,1.5e-05,0.69479,0.0030220000000000004,2.1e-05,4.1e-05
358,658,0.0,1.8e-05,0.694951,0.003331,6.9e-05,3.1e-05
359,659,0.0,2e-05,0.6939879999999999,0.003654,0.00031099999999999997,3.1e-05
360,660,0.0,2.3e-05,0.6950620000000001,0.004026,2.8e-05,4.1e-05
361,661,0.0,2.7000000000000002e-05,0.696789,0.004462,5e-06,6.1000000000000005e-05
362,662,0.0,3.1e-05,0.699024,0.005,2e-06,8.3e-05
363,663,0.0,3.6e-05,0.7014929999999999,0.005707,1e-06,0.00010200000000000001
364,664,0.0,4.2e-05,0.703925,0.0066820000000000004,1e-06,0.00010899999999999999
365,665,0.0,4.7000000000000004e-05,0.705296,0.008062,1e-06,0.000103
366,666,0.0,5.2e-05,0.706155,0.010062,1e-06,9.1e-05
367,667,0.0,5.4999999999999995e-05,0.70616,0.013012,1e-06,7.400000000000001e-05
368,668,0.0,5.4999999999999995e-05,0.705975,0.017472,1e-06,5.4999999999999995e-05
369,669,0.0,5.6e-05,0.7061459999999999,0.024363000000000003,2e-06,3.8e-05
370,670,0.0,5.6e-05,0.706528,0.035022000000000005,1e-06,2.3999999999999997e-05
371,671,0.0,5.7999999999999994e-05,0.7068429999999999,0.050711000000000006,1e-06,1.4e-05
372,672,0.0,6.1000000000000005e-05,0.708574,0.07078999999999999,1e-06,9e-06
373,673,0.0,7.000000000000001e-05,0.7076340000000001,0.089657,1e-06,5.999999999999999e-06
374,674,0.0,8.4e-05,0.7067279999999999,0.101671,0.0,5.999999999999999e-06
375,675,0.0,0.00010800000000000001,0.701707,0.107288,0.0,5e-06
376,676,0.0,0.00014800000000000002,0.691711,0.112435,0.0,4e-06
377,677,0.0,0.00020899999999999998,0.677377,0.12204100000000001,0.0,4e-06
378,678,0.0,0.000293,0.660115,0.136654,0.0,5e-06
379,679,0.0,0.000363,0.64,0.151687,0.0,7e-06
380,680,0.0,0.000322,0.620073,0.165077,0.0,7e-06
381,681,0.0,0.000224,0.6008939999999999,0.179603,0.0,1.1000000000000001e-05
382,682,0.0,0.000147,0.58222,0.19750800000000002,0.0,2e-05
383,683,0.0,9.8e-05,0.563829,0.218428,0.0,3.6e-05
384,684,0.0,7.1e-05,0.545161,0.24130600000000002,0.0,4.9e-05
385,685,0.0,5.9e-05,0.525615,0.267377,0.0,4.2e-05
386,686,0.0,5.9e-05,0.501486,0.29871400000000004,0.0,2.3999999999999997e-05
387,687,0.0,7.2e-05,0.472409,0.336464,0.0,1.4e-05
388,688,0.0,0.000101,0.440075,0.37687600000000004,0.0,8e-06
389,689,0.0,0.000156,0.408754,0.416083,0.0,5.999999999999999e-06
390,690,0.0,0.000225,0.38016,0.449146,1e-06,5.999999999999999e-06
391,691,0.0,0.000242,0.351935,0.46980200000000005,1e-06,5.999999999999999e-06
392,692,0.0,0.000181,0.32533700000000004,0.482316,2.9999999999999997e-06,7e-06
393,693,0.0,0.000113,0.298574,0.491149,4e-06,9e-06
394,694,0.0,6.8e-05,0.270697,0.502611,2.9999999999999997e-06,1.1999999999999999e-05
395,695,0.0,4e-05,0.239701,0.520311,2e-06,1.4e-05
396,696,0.0,2.3999999999999997e-05,0.204188,0.5462319999999999,2e-06,1.5e-05
397,697,0.0,1.4e-05,0.164354,0.579482,2e-06,1.4e-05
398,698,0.0,9e-06,0.123531,0.617259,2e-06,1.1999999999999999e-05
399,699,0.0,5.999999999999999e-06,0.086863,0.6547660000000001,2e-06,1e-05
400,700,0.0,4e-06,0.058186,0.686394,2.9999999999999997e-06,7e-06
401,701,0.0,2.9999999999999997e-06,0.038384,0.708835,4e-06,5e-06
402,702,0.0,2e-06,0.025310000000000003,0.719155,5.999999999999999e-06,5e-06
403,703,0.0,2e-06,0.016917,0.7195130000000001,1.1999999999999999e-05,7e-06
404,704,0.0,2e-06,0.011554,0.71575,1.6e-05,5.999999999999999e-06
405,705,0.0,1e-06,0.008067999999999999,0.7115699999999999,1.1999999999999999e-05,2.9999999999999997e-06
406,706,0.0,1e-06,0.005753,0.709309,9e-06,2.9999999999999997e-06
407,707,0.0,1e-06,0.0041849999999999995,0.7104689999999999,7e-06,2.9999999999999997e-06
408,708,0.0,1e-06,0.003106,0.715874,7e-06,5e-06
409,709,0.0,1e-06,0.0023380000000000002,0.721426,7e-06,1.1000000000000001e-05
410,710,0.0,1e-06,0.001791,0.728814,8e-06,2.8999999999999997e-05
411,711,0.0,1e-06,0.001391,0.734564,9e-06,3.1e-05
412,712,0.0,1e-06,0.001096,0.7386780000000001,9e-06,1.4e-05
413,713,0.0,1e-06,0.000877,0.7404980000000001,1e-05,8e-06
414,714,0.0,1e-06,0.000712,0.7394670000000001,1.1000000000000001e-05,5e-06
415,715,0.0,1e-06,0.000588,0.7375,1.1999999999999999e-05,4e-06
416,716,0.0,1e-06,0.000493,0.734753,1.3e-05,2.9999999999999997e-06
417,717,0.0,1e-06,0.000422,0.733984,1.4e-05,4e-06
418,718,0.0,2e-06,0.00036700000000000003,0.733335,1.7e-05,5.999999999999999e-06
419,719,0.0,2e-06,0.00032300000000000004,0.733633,2e-05,8e-06
420,720,0.0,2.9999999999999997e-06,0.000289,0.734705,1.9e-05,5.999999999999999e-06
421,721,0.0,4e-06,0.000261,0.7367440000000001,1.9e-05,1.1999999999999999e-05
422,722,0.0,5e-06,0.000237,0.737793,1.8e-05,8e-06
423,723,0.0,8e-06,0.00021700000000000002,0.740251,1.6e-05,2.9999999999999997e-06
424,724,0.0,1.5e-05,0.0002,0.7413580000000001,1.5e-05,2e-06
425,725,0.0,5.3e-05,0.000186,0.742291,1.5e-05,1e-06
426,726,0.0,5.9e-05,0.00017500000000000003,0.7441530000000001,1.5e-05,1e-06
427,727,0.0,0.0001,0.000165,0.742568,1.6e-05,1e-06
428,728,0.0,0.000249,0.000157,0.742484,1.6e-05,0.0
429,729,0.0,3.9e-05,0.000151,0.744681,1.8e-05,0.0
430,730,0.0,1.3e-05,0.000146,0.74417,2e-05,0.0
431,731,0.0,7e-06,0.00014099999999999998,0.744182,2.1e-05,0.0
432,732,0.0,5e-06,0.000136,0.7454189999999999,2.3e-05,0.0
433,733,0.0,5e-06,0.000131,0.745973,2.6e-05,0.0
434,734,0.0,5e-06,0.000125,0.746641,3.1e-05,0.0
435,735,0.0,5e-06,0.000119,0.748099,3.5000000000000004e-05,0.0
436,736,0.0,7e-06,0.000111,0.749176,3.8e-05,0.0
437,737,1e-06,1e-05,0.000103,0.750946,3.7000000000000005e-05,0.0
438,738,1e-06,1.9e-05,9.599999999999999e-05,0.751845,3.5000000000000004e-05,0.0
439,739,1e-06,6.4e-05,8.800000000000001e-05,0.7526980000000001,3.2e-05,0.0
440,740,1e-06,0.00018800000000000002,8.2e-05,0.7547119999999999,3.2e-05,0.0
441,741,1e-06,0.000107,7.6e-05,0.753901,3.2e-05,0.0
442,742,1e-06,2.1e-05,7.000000000000001e-05,0.7564069999999999,3.1e-05,0.0
443,743,2e-06,1e-05,6.6e-05,0.757319,3e-05,0.0
444,744,2e-06,7e-06,6.2e-05,0.7574500000000001,3e-05,0.0
445,745,2.9999999999999997e-06,5e-06,5.7999999999999994e-05,0.756147,3.3e-05,0.0
446,746,4e-06,4e-06,5.4999999999999995e-05,0.757272,3.8e-05,0.0
447,747,5e-06,2.9999999999999997e-06,5.3e-05,0.7559229999999999,4.7999999999999994e-05,0.0
448,748,7e-06,2.9999999999999997e-06,5.1000000000000006e-05,0.755734,6.5e-05,0.0
449,749,1e-05,2.9999999999999997e-06,4.9e-05,0.753941,8.800000000000001e-05,0.0
450,750,1.4e-05,2e-06,4.7999999999999994e-05,0.7524590000000001,0.000114,0.0
451,751,1.1000000000000001e-05,2e-06,4.7000000000000004e-05,0.7533620000000001,0.00013,0.0
452,752,5.999999999999999e-06,2.9999999999999997e-06,4.7999999999999994e-05,0.7548950000000001,0.000128,0.0
453,753,2.9999999999999997e-06,2.9999999999999997e-06,4.7999999999999994e-05,0.7542359999999999,0.000119,0.0
454,754,2.9999999999999997e-06,2.9999999999999997e-06,5e-05,0.756463,0.000112,0.0
455,755,2.9999999999999997e-06,4e-06,5.2e-05,0.757059,0.00010899999999999999,0.0
456,756,2.9999999999999997e-06,4e-06,5.3e-05,0.758721,0.00010899999999999999,0.0
457,757,7e-06,5.999999999999999e-06,5.4000000000000005e-05,0.76081,0.00010899999999999999,0.0
458,758,9e-06,7e-06,5.4000000000000005e-05,0.76176,0.00010899999999999999,1e-06
459,759,4e-06,1.1000000000000001e-05,5.3e-05,0.764018,0.00011599999999999999,1e-06
460,760,2.9999999999999997e-06,1.7e-05,5.1000000000000006e-05,0.7646970000000001,0.000132,2e-06
461,761,4e-06,2.7000000000000002e-05,4.7999999999999994e-05,0.764143,0.00015900000000000002,2.9999999999999997e-06
462,762,5.999999999999999e-06,3.5000000000000004e-05,4.4999999999999996e-05,0.764086,0.0002,8e-06
463,763,7e-06,3.3e-05,4.3e-05,0.762481,0.000256,2e-05
464,764,1e-05,2.6e-05,4.2e-05,0.7624110000000001,0.000322,5.1000000000000006e-05
465,765,1.4e-05,2e-05,4.1e-05,0.761442,0.000387,6.5e-05
466,766,2.1e-05,1.7e-05,4.1e-05,0.759537,0.00043400000000000003,4.4999999999999996e-05
467,767,1.9e-05,1.6e-05,4.2e-05,0.757782,0.00045900000000000004,3.2e-05
468,768,1.5e-05,1.6e-05,4.4000000000000006e-05,0.7569119999999999,0.000472,2.5e-05
469,769,2.3e-05,1.8e-05,4.6e-05,0.75492,0.00048,2.1e-05
470,770,1.4e-05,2.3999999999999997e-05,4.7999999999999994e-05,0.7559520000000001,0.000492,1.7e-05
471,771,1.1000000000000001e-05,3.5000000000000004e-05,4.9e-05,0.7566849999999999,0.000513,1.4e-05
472,772,1.1000000000000001e-05,6.6e-05,4.7999999999999994e-05,0.757603,0.000549,1.1999999999999999e-05
473,773,1.1999999999999999e-05,0.000123,4.6e-05,0.759012,0.000605,1.1000000000000001e-05
474,774,1.3e-05,0.000136,4.3e-05,0.7584420000000001,0.000684,1.1000000000000001e-05
475,775,1.3e-05,0.000207,3.9e-05,0.7598940000000001,0.000794,1.1999999999999999e-05
476,776,1.4e-05,0.00030700000000000004,3.6e-05,0.758971,0.000931,1.8e-05
477,777,1.5e-05,0.000257,3.3e-05,0.7601690000000001,0.0011,2e-05
478,778,1.8e-05,0.000173,3.1e-05,0.760758,0.0012920000000000002,1.4e-05
479,779,2.1e-05,0.000132,2.8999999999999997e-05,0.759065,0.0015010000000000002,1.3e-05
480,780,2.3e-05,0.00012200000000000001,2.7000000000000002e-05,0.758352,0.001729,1.6e-05
481,781,2.5e-05,0.000131,2.6e-05,0.758359,0.001974,2.5e-05
482,782,2.6e-05,0.000145,2.5e-05,0.756417,0.0022389999999999997,3.8e-05
483,783,2.8999999999999997e-05,0.00017600000000000002,2.5e-05,0.757851,0.002561,4.2e-05
484,784,3.1e-05,0.000252,2.5e-05,0.7560290000000001,0.002954,4.1e-05
485,785,2.8e-05,0.000312,2.5e-05,0.7556059999999999,0.003478,4.1e-05
486,786,2.6e-05,0.000235,2.6e-05,0.7567050000000001,0.004187,4.1e-05
487,787,2.8e-05,0.000181,2.7000000000000002e-05,0.7555230000000001,0.005096000000000001,4.3e-05
488,788,3.3e-05,0.00022700000000000002,3e-05,0.75319,0.0062109999999999995,4.3e-05
489,789,4.2e-05,0.000274,3.2e-05,0.755107,0.007533,3.9e-05
490,790,5.4000000000000005e-05,0.00023099999999999998,3.4e-05,0.7526999999999999,0.008899,3.6e-05
491,791,7.400000000000001e-05,0.00014800000000000002,3.7000000000000005e-05,0.755343,0.010345,3.9e-05
492,792,9.900000000000001e-05,0.000105,4e-05,0.754182,0.011774,4.7000000000000004e-05
493,793,0.0001,8.800000000000001e-05,4.4000000000000006e-05,0.75315,0.013332,6.1000000000000005e-05
494,794,7.2e-05,8.800000000000001e-05,4.7999999999999994e-05,0.754405,0.015210999999999999,7.400000000000001e-05
495,795,5.7e-05,0.000101,5e-05,0.7538710000000001,0.017528,7.2e-05
496,796,5.4999999999999995e-05,0.000134,5e-05,0.754242,0.020625,5.7e-05
497,797,5.7e-05,0.000178,4.7000000000000004e-05,0.7530840000000001,0.024918999999999997,4.4000000000000006e-05
498,798,5.4000000000000005e-05,0.000196,4.4000000000000006e-05,0.753113,0.03125,3.6e-05
499,799,4.4000000000000006e-05,0.000153,4e-05,0.748809,0.040454,3.3e-05
500,800,3.5000000000000004e-05,0.000107,3.7000000000000005e-05,0.7444580000000001,0.053987,3.5000000000000004e-05
501,801,3e-05,0.00010800000000000001,3.5000000000000004e-05,0.736025,0.072479,4e-05
502,802,2.7000000000000002e-05,0.00016299999999999998,3.4e-05,0.7249859999999999,0.09503299999999999,4.4999999999999996e-05
503,803,2.8e-05,0.00021600000000000002,3.5000000000000004e-05,0.713956,0.118033,4.3e-05
504,804,3.1e-05,0.000346,3.8e-05,0.699101,0.13594,3.8e-05
505,805,3.9e-05,0.000707,4e-05,0.6813760000000001,0.147491,3.6e-05
506,806,5.2e-05,0.000982,4.4000000000000006e-05,0.662169,0.155973,3.7000000000000005e-05
507,807,6.1000000000000005e-05,0.000736,4.7000000000000004e-05,0.643759,0.16593599999999997,3.9e-05
508,808,6.4e-05,0.0005290000000000001,4.7999999999999994e-05,0.626029,0.179882,4.3e-05
509,809,7.8e-05,0.00045900000000000004,4.7999999999999994e-05,0.6084109999999999,0.197584,5.1000000000000006e-05
510,810,9.900000000000001e-05,0.000487,4.6e-05,0.588994,0.215703,6.2e-05
511,811,0.000145,0.000528,4.4999999999999996e-05,0.57218,0.232906,7.7e-05
512,812,0.000259,0.000691,4.6e-05,0.555289,0.24749,8.4e-05
513,813,0.000547,0.001194,4.9e-05,0.5397890000000001,0.260971,8.2e-05
514,814,0.0011819999999999999,0.002391,6.1000000000000005e-05,0.52245,0.273351,7.900000000000001e-05
515,815,0.001696,0.0024679999999999997,0.000101,0.5066080000000001,0.288574,7.3e-05
516,816,0.001206,0.001161,0.000533,0.490578,0.308959,6e-05
517,817,0.000687,0.000666,0.000239,0.46949199999999996,0.33465000000000006,5.1000000000000006e-05
518,818,0.00043999999999999996,0.0006180000000000001,0.000129,0.447674,0.37059,4.6e-05
519,819,0.000339,0.000679,0.000172,0.42275100000000004,0.41417499999999996,4.4000000000000006e-05
520,820,0.00032099999999999994,0.000611,0.000338,0.39618400000000004,0.461188,4.4999999999999996e-05
521,821,0.00037,0.00043200000000000004,0.001057,0.366079,0.501307,4.7999999999999994e-05
522,822,0.00046899999999999996,0.000349,0.002487,0.33542900000000003,0.532249,5.4000000000000005e-05
523,823,0.000448,0.000332,0.0005949999999999999,0.30419,0.5521280000000001,6e-05
524,824,0.000297,0.000368,0.00020400000000000003,0.27416799999999997,0.565628,6.8e-05
525,825,0.000206,0.000474,0.00010200000000000001,0.245022,0.5759219999999999,7.6e-05
526,826,0.000214,0.0007019999999999999,6.5e-05,0.217283,0.587442,8.3e-05
527,827,0.000287,0.000957,4.9e-05,0.191841,0.604318,8.9e-05
528,828,0.00024400000000000002,0.001163,4.3e-05,0.167985,0.624529,9.499999999999999e-05
529,829,0.000164,0.000765,4.4999999999999996e-05,0.146763,0.6507590000000001,0.00010200000000000001
530,830,0.00012200000000000001,0.00043799999999999997,5.4999999999999995e-05,0.12698299999999998,0.676399,0.00010999999999999999
531,831,0.000107,0.000285,8.2e-05,0.109371,0.702662,0.000121
532,832,0.000118,0.000208,0.000173,0.093338,0.72426,0.000136
533,833,0.000197,0.000173,0.0009239999999999999,0.079415,0.7438389999999999,0.00015800000000000002
534,834,0.000598,0.000165,0.000584,0.066828,0.754295,0.000182
535,835,0.000559,0.00019800000000000002,0.001428,0.056063,0.7614019999999999,0.000206
536,836,0.000189,0.00032,0.000718,0.046569,0.7606010000000001,0.00021999999999999998
537,837,0.000105,0.000498,0.000165,0.038753,0.7613420000000001,0.00021999999999999998
538,838,8.2e-05,0.000496,6.7e-05,0.032115,0.75881,0.00020899999999999998
539,839,8.4e-05,0.00045400000000000003,3.6e-05,0.026648,0.756154,0.00019800000000000002
540,840,8.999999999999999e-05,0.00046100000000000004,2.2000000000000003e-05,0.022359,0.759263,0.000196
541,841,6.6e-05,0.000442,1.5e-05,0.018772999999999998,0.758807,0.000202
542,842,4.7000000000000004e-05,0.000312,1.1000000000000001e-05,0.015961,0.762525,0.000211
543,843,3.4e-05,0.00020299999999999997,8e-06,0.013543000000000001,0.758628,0.00021
544,844,2.8999999999999997e-05,0.000161,7e-06,0.011665000000000002,0.759838,0.000202
545,845,4.2e-05,0.000167,5e-06,0.010109,0.759618,0.000195
546,846,2.5e-05,0.000205,5e-06,0.008778000000000001,0.755116,0.00019199999999999998
547,847,1.8e-05,0.000252,4e-06,0.007719,0.7551749999999999,0.000197
548,848,1.8e-05,0.000278,2.9999999999999997e-06,0.006836,0.7559359999999999,0.000212
549,849,2.2000000000000003e-05,0.000305,2.9999999999999997e-06,0.006102,0.7584730000000001,0.000236
550,850,3.1e-05,0.000391,2.9999999999999997e-06,0.005434,0.755556,0.00027
551,851,5e-05,0.000575,2.9999999999999997e-06,0.004861,0.7522880000000001,0.000315
552,852,9.8e-05,0.000832,2.9999999999999997e-06,0.004406,0.75554,0.00037400000000000004
553,853,0.000224,0.001023,2.9999999999999997e-06,0.0039900000000000005,0.7545069999999999,0.00043400000000000003
554,854,0.00014000000000000001,0.0008690000000000001,2.9999999999999997e-06,0.003628,0.7534449999999999,0.00048300000000000003
555,855,8.2e-05,0.000582,2.9999999999999997e-06,0.0033179999999999998,0.753409,0.000511
556,856,7.7e-05,0.00033,2.9999999999999997e-06,0.003037,0.751409,0.000514
557,857,9.400000000000001e-05,0.00017,2.9999999999999997e-06,0.002798,0.752159,0.0005
558,858,8.099999999999999e-05,9.7e-05,4e-06,0.0025779999999999996,0.751449,0.000475
559,859,5e-05,6.5e-05,4e-06,0.0023799999999999997,0.7514270000000001,0.000453
560,860,2.8e-05,5e-05,5e-06,0.0022040000000000002,0.754135,0.00043799999999999997
561,861,1.8e-05,4.2e-05,5.999999999999999e-06,0.0020239999999999998,0.751459,0.000428
562,862,1.3e-05,3.9e-05,5.999999999999999e-06,0.0018590000000000002,0.7504890000000001,0.000429
563,863,1.1999999999999999e-05,3.8e-05,8e-06,0.001703,0.7509180000000001,0.000443
564,864,1.4e-05,4.1e-05,9e-06,0.0015459999999999998,0.7475780000000001,0.00047
565,865,1.4e-05,4.9e-05,1.1000000000000001e-05,0.0014039999999999999,0.748069,0.000519
566,866,1.1000000000000001e-05,7.2e-05,1.4e-05,0.001268,0.746973,0.0005899999999999999
567,867,1.1999999999999999e-05,0.000145,1.7e-05,0.001143,0.747346,0.0006940000000000001
568,868,1.5e-05,0.00021700000000000002,2.3e-05,0.0010299999999999999,0.7481329999999999,0.00084
569,869,2.2000000000000003e-05,0.00013299999999999998,3.2e-05,0.000925,0.746101,0.001035
570,870,2.7000000000000002e-05,0.000105,4.7000000000000004e-05,0.000834,0.7462789999999999,0.0012950000000000001
571,871,2.5e-05,0.000125,7.6e-05,0.000756,0.746697,0.0016239999999999998
572,872,2.1e-05,0.00019199999999999998,0.000135,0.000688,0.746718,0.002007
573,873,1.9e-05,0.000236,0.000246,0.000629,0.744892,0.002403
574,874,2e-05,0.000145,0.0003,0.000583,0.746899,0.002782
575,875,2.3e-05,7.5e-05,0.000186,0.000542,0.744969,0.0030830000000000002
576,876,2.7000000000000002e-05,4.7000000000000004e-05,9.8e-05,0.000509,0.744868,0.003329
577,877,2.3999999999999997e-05,3.6e-05,5.7e-05,0.000481,0.7451349999999999,0.0035470000000000002
578,878,2.2000000000000003e-05,3.3e-05,3.7000000000000005e-05,0.000456,0.742984,0.003758
579,879,2e-05,3.4e-05,2.6e-05,0.00043400000000000003,0.7395229999999999,0.003992
580,880,1.4e-05,4e-05,2.1e-05,0.000416,0.7404160000000001,0.004295
581,881,1.1000000000000001e-05,4.9e-05,1.8e-05,0.000399,0.740864,0.004654
582,882,9e-06,6.6e-05,1.7e-05,0.00038199999999999996,0.740295,0.005083
583,883,7e-06,9.900000000000001e-05,1.9e-05,0.000365,0.738199,0.005594
584,884,7e-06,0.000173,2.7000000000000002e-05,0.000349,0.739267,0.006241
585,885,5.999999999999999e-06,0.00032599999999999996,4.4000000000000006e-05,0.000334,0.739923,0.00701
586,886,7e-06,0.000357,3.6e-05,0.000317,0.738662,0.007890000000000001
587,887,9e-06,0.00032099999999999994,2.3999999999999997e-05,0.000303,0.739041,0.008918
588,888,1.1999999999999999e-05,0.000221,2.1e-05,0.00029,0.740559,0.010098000000000001
589,889,1.4e-05,0.000101,2.2000000000000003e-05,0.000278,0.740149,0.011397999999999998
590,890,1.4e-05,5e-05,2.6e-05,0.00026700000000000004,0.7378230000000001,0.01282
591,891,1.1999999999999999e-05,2.8999999999999997e-05,3.8e-05,0.000258,0.738557,0.014457
592,892,9e-06,2e-05,6.2e-05,0.00025100000000000003,0.73745,0.01623
593,893,5.999999999999999e-06,1.6e-05,0.000113,0.00024400000000000002,0.73634,0.018191
594,894,5.999999999999999e-06,1.4e-05,0.000143,0.000238,0.734693,0.020377
595,895,5.999999999999999e-06,1.4e-05,9.400000000000001e-05,0.00023199999999999997,0.732287,0.022866
596,896,5e-06,1.7e-05,6.3e-05,0.000225,0.7289709999999999,0.025768
597,897,5.999999999999999e-06,2.8999999999999997e-05,6.5e-05,0.00021799999999999999,0.726079,0.02926
598,898,5.999999999999999e-06,8.800000000000001e-05,7.900000000000001e-05,0.00020899999999999998,0.7211799999999999,0.033364
599,899,7e-06,5.4999999999999995e-05,5.4999999999999995e-05,0.0002,0.7182989999999999,0.038348
600,900,7e-06,3.5000000000000004e-05,3.2e-05,0.00018800000000000002,0.709078,0.043803
601,901,8e-06,4.1e-05,2.2000000000000003e-05,0.00017600000000000002,0.696325,0.049771
602,902,1.1999999999999999e-05,6.5e-05,1.8e-05,0.000164,0.6821299999999999,0.056344000000000005
603,903,1.7e-05,0.000127,1.6e-05,0.000152,0.666528,0.063525
604,904,1.1999999999999999e-05,0.000325,1.6e-05,0.00014099999999999998,0.649432,0.071359
605,905,9e-06,0.000779,1.6e-05,0.000132,0.633922,0.08032500000000001
606,906,8e-06,0.000428,1.7e-05,0.000125,0.616346,0.090163
607,907,8e-06,0.000168,1.9e-05,0.000118,0.60037,0.101548
608,908,1e-05,8.5e-05,2.1e-05,0.000113,0.5824320000000001,0.11404199999999999
609,909,1.1999999999999999e-05,5.1000000000000006e-05,2.5e-05,0.00010999999999999999,0.566066,0.12828099999999998
610,910,1.3e-05,3.5000000000000004e-05,3e-05,0.00010800000000000001,0.548658,0.143457
611,911,1.3e-05,2.7000000000000002e-05,3.7000000000000005e-05,0.000107,0.533307,0.15964
612,912,9e-06,2.3e-05,4.7000000000000004e-05,0.000107,0.518823,0.175446
613,913,5e-06,2.1e-05,5.9e-05,0.000107,0.503657,0.189035
614,914,5e-06,2.3999999999999997e-05,7.5e-05,0.00010800000000000001,0.488049,0.199612
615,915,7e-06,3.3e-05,9.3e-05,0.00010800000000000001,0.46984499999999996,0.20651
616,916,2.9999999999999997e-06,6.5e-05,0.000112,0.00010899999999999999,0.454318,0.213453
617,917,2e-06,0.00017999999999999998,0.000124,0.00010899999999999999,0.435801,0.21998
618,918,2e-06,0.000144,0.000126,0.00010899999999999999,0.417829,0.229879
619,919,2.9999999999999997e-06,0.000239,0.00011599999999999999,0.00010800000000000001,0.39756100000000005,0.243352
620,920,4e-06,0.00034700000000000003,0.0001,0.000106,0.377596,0.26283
621,921,7e-06,0.000136,8.3e-05,0.00010200000000000001,0.356691,0.287179
622,922,1e-05,7.2e-05,6.9e-05,9.8e-05,0.333825,0.312762
623,923,9e-06,9.599999999999999e-05,5.7999999999999994e-05,9.2e-05,0.31138899999999997,0.33692500000000003
624,924,8e-06,0.000146,5.1000000000000006e-05,8.7e-05,0.289382,0.35556899999999997
625,925,7e-06,3.2e-05,4.7000000000000004e-05,8.3e-05,0.269067,0.369158
626,926,5.999999999999999e-06,2.2000000000000003e-05,4.4999999999999996e-05,8e-05,0.248329,0.37672100000000003
627,927,5.999999999999999e-06,1.9e-05,4.3e-05,7.8e-05,0.228352,0.382536
628,928,5.999999999999999e-06,1.8e-05,4.1e-05,7.8e-05,0.20927099999999998,0.38912599999999997
629,929,8e-06,2.1e-05,4e-05,7.8e-05,0.192489,0.400807
630,930,9e-06,2.8999999999999997e-05,3.9e-05,8e-05,0.176519,0.415772
631,931,7e-06,5.4000000000000005e-05,4e-05,8.099999999999999e-05,0.161033,0.433014
632,932,4e-06,0.000179,4.3e-05,8.2e-05,0.146812,0.453544
633,933,2.9999999999999997e-06,0.001119,4.9e-05,8.2e-05,0.133401,0.474515
634,934,2e-06,0.000128,5.4999999999999995e-05,8.099999999999999e-05,0.120974,0.494632
635,935,2e-06,4e-05,6.4e-05,7.8e-05,0.11002100000000001,0.514876
636,936,4e-06,2.1e-05,7.3e-05,7.400000000000001e-05,0.098846,0.526365
637,937,1e-05,1.4e-05,7.900000000000001e-05,6.9e-05,0.088833,0.534323
638,938,6.7e-05,1.1000000000000001e-05,8.099999999999999e-05,6.5e-05,0.08010400000000001,0.539578
639,939,2.1e-05,1e-05,7.8e-05,6.2e-05,0.07176199999999999,0.5370750000000001
640,940,5.999999999999999e-06,1e-05,7.1e-05,6.1000000000000005e-05,0.064235,0.5314869999999999
641,941,4e-06,1.3e-05,6.2e-05,6.1000000000000005e-05,0.057457,0.524899
642,942,4e-06,1.9e-05,5.3e-05,6.1000000000000005e-05,0.051345,0.518647
643,943,5.999999999999999e-06,6.1000000000000005e-05,4.3e-05,5.6e-05,0.045952,0.5145150000000001
644,944,1.1000000000000001e-05,0.000285,3.5000000000000004e-05,5e-05,0.041158,0.5119360000000001
645,945,7e-06,3.7000000000000005e-05,2.8e-05,4.7000000000000004e-05,0.036818,0.5092260000000001
646,946,5e-06,5.3e-05,2.3e-05,4.7000000000000004e-05,0.03304,0.507801
647,947,4e-06,0.000433,1.9e-05,5e-05,0.029609,0.504632
648,948,5e-06,9.2e-05,1.7e-05,5.7e-05,0.026521,0.49966900000000003
649,949,7e-06,2.1e-05,1.5e-05,6.8e-05,0.02387,0.495366
650,950,9e-06,9e-06,1.4e-05,8.2e-05,0.021511,0.490037
651,951,9e-06,5.999999999999999e-06,1.4e-05,9.1e-05,0.019381,0.483335
652,952,9e-06,4e-06,1.4e-05,8.6e-05,0.017485,0.47647100000000003
653,953,7e-06,4e-06,1.4e-05,6.8e-05,0.015832,0.47101
654,954,7e-06,2.9999999999999997e-06,1.5e-05,5.1000000000000006e-05,0.014295,0.46427
655,955,7e-06,2.9999999999999997e-06,1.6e-05,3.9e-05,0.012947,0.45919600000000005
656,956,9e-06,4e-06,1.8e-05,3.2e-05,0.011758,0.45562600000000003
657,957,1.7e-05,4e-06,2.1e-05,2.8e-05,0.010693,0.45281999999999994
658,958,5.1000000000000006e-05,5e-06,2.3999999999999997e-05,2.7000000000000002e-05,0.00974,0.45055700000000004
659,959,3.1e-05,5.999999999999999e-06,2.7000000000000002e-05,2.8e-05,0.008877000000000001,0.44804900000000003
660,960,6.7e-05,8e-06,3.2e-05,3.1e-05,0.008075,0.443935
661,961,4.7999999999999994e-05,1.1999999999999999e-05,3.8e-05,3.7000000000000005e-05,0.007387,0.441323
662,962,2.5e-05,1.9e-05,4.6e-05,4.4000000000000006e-05,0.0067610000000000005,0.43758
663,963,1.9e-05,3.7000000000000005e-05,5.7e-05,4.9e-05,0.006185,0.432441
664,964,2.7000000000000002e-05,0.000107,7.000000000000001e-05,5e-05,0.005672,0.427133
665,965,1.4e-05,0.000765,8.6e-05,5.1000000000000006e-05,0.005202,0.420918
666,966,1.1000000000000001e-05,0.000228,0.000101,5e-05,0.004782,0.41493899999999995
667,967,1.1999999999999999e-05,4.9e-05,0.000113,4.3e-05,0.004393,0.40822899999999995
668,968,1.6e-05,2e-05,0.000119,3.1e-05,0.004046,0.40238999999999997
669,969,2.8999999999999997e-05,1.1000000000000001e-05,0.000119,2.1e-05,0.003724,0.396173
670,970,6.5e-05,9e-06,0.000113,1.4e-05,0.0034460000000000003,0.392059
671,971,5.7999999999999994e-05,1.9e-05,0.000103,1e-05,0.003182,0.38724800000000004
672,972,2.3999999999999997e-05,4.7000000000000004e-05,9.2e-05,7e-06,0.0029409999999999996,0.38256100000000004
673,973,1.8e-05,5.999999999999999e-06,8.099999999999999e-05,5e-06,0.002724,0.378737
674,974,2.6e-05,2.9999999999999997e-06,7.1e-05,4e-06,0.002525,0.374956
675,975,1.9e-05,2e-06,6.2e-05,2.9999999999999997e-06,0.002343,0.371184
676,976,1.1999999999999999e-05,2e-06,5.4999999999999995e-05,2.9999999999999997e-06,0.002172,0.366663
677,977,1.1000000000000001e-05,2e-06,5.1000000000000006e-05,2e-06,0.002016,0.361997
678,978,1.3e-05,2e-06,4.7999999999999994e-05,2e-06,0.0018759999999999998,0.357734
679,979,2.1e-05,2.9999999999999997e-06,4.6e-05,1e-06,0.0017480000000000002,0.353589
680,980,3.5000000000000004e-05,2.9999999999999997e-06,4.4999999999999996e-05,1e-06,0.0016270000000000002,0.348493
681,981,3.6e-05,5e-06,4.4999999999999996e-05,1e-06,0.0015149999999999999,0.343337
682,982,2.1e-05,8e-06,4.4000000000000006e-05,1e-06,0.001414,0.33852400000000005
683,983,1.1999999999999999e-05,1.8e-05,4.3e-05,1e-06,0.00132,0.333633
684,984,1.1000000000000001e-05,8.3e-05,4e-05,1e-06,0.001237,0.33003
685,985,1.1999999999999999e-05,0.00028199999999999997,3.7000000000000005e-05,1e-06,0.001155,0.324936
686,986,1.3e-05,4.1e-05,3.4e-05,1e-06,0.001086,0.32193800000000006
687,987,1.4e-05,0.000247,3e-05,1e-06,0.0010140000000000001,0.31644500000000003
688,988,1.8e-05,2e-05,2.8e-05,1e-06,0.00095,0.312045
689,989,2.8999999999999997e-05,5.999999999999999e-06,2.5e-05,1e-06,0.000891,0.307457
690,990,6e-05,2.9999999999999997e-06,2.3e-05,1e-06,0.000834,0.30195299999999997
691,991,6e-05,2e-06,2.1e-05,0.0,0.000783,0.29729700000000003
692,992,6.8e-05,1e-06,2e-05,0.0,0.000738,0.292988
693,993,0.000511,1e-06,1.8e-05,0.0,0.000693,0.287553
694,994,0.000138,1e-06,1.6e-05,0.0,0.00065,0.281845
695,995,2.3999999999999997e-05,1e-06,1.5e-05,0.0,0.000612,0.276434
696,996,1e-05,1e-06,1.3e-05,0.0,0.000576,0.271353
697,997,5.999999999999999e-06,0.0,1.1000000000000001e-05,0.0,0.000541,0.265386
698,998,5.999999999999999e-06,1e-06,1e-05,0.0,0.000512,0.260915
699,999,5e-06,0.0,9e-06,0.0,0.000482,0.25602
700,1000,4e-06,0.0,7e-06,1e-06,0.000457,0.252336
701,1001,4e-06,1e-06,5.999999999999999e-06,1e-06,0.000433,0.248382
702,1002,5e-06,1e-06,5.999999999999999e-06,1e-06,0.00041,0.244528
703,1003,5.999999999999999e-06,1e-06,5e-06,0.0,0.00038899999999999997,0.240919
704,1004,1e-05,1e-06,4e-06,1e-06,0.000369,0.236685
705,1005,3.7000000000000005e-05,1e-06,4e-06,1e-06,0.00035099999999999997,0.233702
706,1006,0.000247,1e-06,4e-06,1e-06,0.000332,0.229238
707,1007,1.1000000000000001e-05,2e-06,2.9999999999999997e-06,1e-06,0.000315,0.225272
708,1008,5e-06,4e-06,2.9999999999999997e-06,1e-06,0.0003,0.222095
709,1009,2.9999999999999997e-06,7e-06,2.9999999999999997e-06,1e-06,0.000285,0.217824
710,1010,2.9999999999999997e-06,1.1999999999999999e-05,2.9999999999999997e-06,1e-06,0.000272,0.214676
711,1011,4e-06,1e-05,2.9999999999999997e-06,1e-06,0.000258,0.210232
712,1012,7e-06,5.999999999999999e-06,2.9999999999999997e-06,1e-06,0.000245,0.206202
713,1013,3e-05,2.9999999999999997e-06,2.9999999999999997e-06,1e-06,0.00023300000000000003,0.201874
714,1014,0.000328,2e-06,2.9999999999999997e-06,2e-06,0.000222,0.198081
715,1015,1.6e-05,2e-06,2.9999999999999997e-06,2e-06,0.000212,0.19403199999999998
716,1016,2.2000000000000003e-05,2.9999999999999997e-06,2.9999999999999997e-06,2.9999999999999997e-06,0.000201,0.189785
717,1017,2.9999999999999997e-06,2.9999999999999997e-06,4e-06,2.9999999999999997e-06,0.00019199999999999998,0.185955
718,1018,1e-06,1e-06,4e-06,5e-06,0.000183,0.18212499999999998
719,1019,1e-06,1e-06,5e-06,7e-06,0.000174,0.178083
720,1020,1e-06,1e-06,5e-06,1.1000000000000001e-05,0.000166,0.17444800000000002
721,1021,1e-06,1e-06,5.999999999999999e-06,1.9e-05,0.000157,0.169889
722,1022,1e-06,1e-06,7e-06,4.4000000000000006e-05,0.00015,0.16595600000000002
723,1023,2e-06,1e-06,8e-06,0.000147,0.000142,0.161748
724,1024,2.9999999999999997e-06,0.0,9e-06,0.000229,0.000136,0.158141
725,1025,5.999999999999999e-06,1e-06,1.1000000000000001e-05,6.8e-05,0.000129,0.153662
726,1026,4.4000000000000006e-05,1e-06,1.4e-05,2.8e-05,0.000124,0.15138400000000002
727,1027,0.000663,1e-06,1.8e-05,1.5e-05,0.000121,0.149926
728,1028,1.1999999999999999e-05,1e-06,2.2000000000000003e-05,1e-05,0.00011599999999999999,0.147215
729,1029,9e-06,2e-06,2.8999999999999997e-05,7e-06,0.000112,0.144993
730,1030,5.999999999999999e-06,4e-06,3.8e-05,5.999999999999999e-06,0.00010899999999999999,0.143362
731,1031,2e-06,5.999999999999999e-06,4.9e-05,5.999999999999999e-06,0.000105,0.141034
732,1032,2e-06,5e-06,6.5e-05,8e-06,0.000101,0.138493
733,1033,4.7000000000000004e-05,5e-06,8.4e-05,2.2000000000000003e-05,9.8e-05,0.136828
734,1034,2.9999999999999997e-06,4e-06,0.000107,7.900000000000001e-05,9.499999999999999e-05,0.134639
735,1035,2.9999999999999997e-06,2e-06,0.000134,1.3e-05,9.2e-05,0.132505
736,1036,5e-06,1e-06,0.00016,5.999999999999999e-06,8.9e-05,0.13081500000000001
737,1037,1.1999999999999999e-05,1e-06,0.000184,4e-06,8.6e-05,0.128899
738,1038,4.2e-05,1e-06,0.000201,4e-06,8.3e-05,0.127137
739,1039,4.4999999999999996e-05,1e-06,0.00020899999999999998,4e-06,8.099999999999999e-05,0.125363
740,1040,1.4e-05,0.0,0.000206,4e-06,7.8e-05,0.12342800000000001
741,1041,5.999999999999999e-06,0.0,0.000193,4e-06,7.6e-05,0.12123400000000001
742,1042,4e-06,0.0,0.000172,5.999999999999999e-06,7.3e-05,0.119224
743,1043,2.9999999999999997e-06,0.0,0.00014800000000000002,9e-06,7.1e-05,0.11704
744,1044,2.9999999999999997e-06,0.0,0.000124,1.9e-05,6.9e-05,0.115353
745,1045,2.9999999999999997e-06,0.0,0.00010200000000000001,6.6e-05,6.7e-05,0.113208
746,1046,5e-06,0.0,8.5e-05,0.000134,6.5e-05,0.111304
747,1047,2.5e-05,0.0,7.3e-05,3.5000000000000004e-05,6.3e-05,0.109229
748,1048,0.00035200000000000005,0.0,6.4e-05,2.3999999999999997e-05,6.1000000000000005e-05,0.106689
749,1049,1.3e-05,0.0,6e-05,7.3e-05,5.9e-05,0.104534
750,1050,1.3e-05,0.0,5.9e-05,4.6e-05,5.7e-05,0.102643
751,1051,8e-06,0.0,6.3e-05,1.3e-05,5.6e-05,0.10101
752,1052,2.9999999999999997e-06,0.0,7.2e-05,8e-06,5.4999999999999995e-05,0.099944
753,1053,2e-06,0.0,8.4e-05,5.999999999999999e-06,5.3e-05,0.09822499999999999
754,1054,2e-06,0.0,9.3e-05,5e-06,5.2e-05,0.09702999999999999
755,1055,1e-06,0.0,9.2e-05,5e-06,5.1000000000000006e-05,0.095626
756,1056,1e-06,0.0,8.4e-05,5e-06,5e-05,0.094059
757,1057,2e-06,0.0,7.8e-05,5e-06,4.9e-05,0.09270400000000001
758,1058,2e-06,1e-06,7.8e-05,5.999999999999999e-06,4.7999999999999994e-05,0.09126799999999999
759,1059,4e-06,1e-06,8.3e-05,7e-06,4.7000000000000004e-05,0.089726
760,1060,1e-05,1e-06,9.2e-05,8e-06,4.6e-05,0.08808999999999999
761,1061,4e-05,1e-06,0.000104,1e-05,4.4999999999999996e-05,0.08703799999999999
762,1062,1e-05,1e-06,0.00011599999999999999,1.1999999999999999e-05,4.4000000000000006e-05,0.08520699999999999
763,1063,5.999999999999999e-06,2e-06,0.000126,1.3e-05,4.3e-05,0.083813
764,1064,2.7000000000000002e-05,2e-06,0.00013299999999999998,1.3e-05,4.2e-05,0.08226699999999999
765,1065,7e-06,2e-06,0.00013299999999999998,1.1999999999999999e-05,4.1e-05,0.08082700000000001
766,1066,2.9999999999999997e-06,1e-06,0.000129,1e-05,4e-05,0.07922699999999999
767,1067,2e-06,1e-06,0.000123,9e-06,4e-05,0.077898
768,1068,2e-06,1e-06,0.000117,7e-06,3.9e-05,0.076321
769,1069,2e-06,1e-06,0.000111,5.999999999999999e-06,3.8e-05,0.075279
770,1070,2e-06,1e-06,9.900000000000001e-05,5.999999999999999e-06,3.7000000000000005e-05,0.073833
771,1071,2.9999999999999997e-06,1e-06,8.3e-05,5.999999999999999e-06,3.6e-05,0.07237
772,1072,2.9999999999999997e-06,0.0,6.6e-05,5.999999999999999e-06,3.6e-05,0.071142
773,1073,2.9999999999999997e-06,0.0,5.1000000000000006e-05,5.999999999999999e-06,3.5000000000000004e-05,0.069963
774,1074,2e-06,0.0,4e-05,5e-06,3.4e-05,0.06874799999999999
775,1075,2e-06,0.0,3.3e-05,5e-06,3.4e-05,0.067463
776,1076,2e-06,0.0,2.7000000000000002e-05,4e-06,3.3e-05,0.065481
777,1077,1e-06,0.0,2.3999999999999997e-05,4e-06,3.2e-05,0.063613
778,1078,1e-06,0.0,2.1e-05,2.9999999999999997e-06,3.1e-05,0.061731999999999995
779,1079,1e-06,0.0,2e-05,2.9999999999999997e-06,3e-05,0.059611
780,1080,1e-06,0.0,1.9e-05,2.9999999999999997e-06,2.8999999999999997e-05,0.057539
781,1081,1e-06,0.0,1.9e-05,2.9999999999999997e-06,2.8e-05,0.055496
782,1082,1e-06,1e-06,2e-05,4e-06,2.7000000000000002e-05,0.053362
783,1083,2e-06,1e-06,2.2000000000000003e-05,4e-06,2.6e-05,0.05145400000000001
784,1084,5e-06,1e-06,2.3999999999999997e-05,5e-06,2.5e-05,0.049303
785,1085,9e-06,1e-06,2.7000000000000002e-05,5.999999999999999e-06,2.3999999999999997e-05,0.047133
786,1086,5.999999999999999e-06,1e-06,3.3e-05,5.999999999999999e-06,2.3e-05,0.045082000000000004
787,1087,2.9999999999999997e-06,1e-06,4e-05,5.999999999999999e-06,2.2000000000000003e-05,0.043002000000000005
788,1088,2e-06,1e-06,5.1000000000000006e-05,5.999999999999999e-06,2.1e-05,0.040902
789,1089,2e-06,0.0,6.5e-05,5e-06,2e-05,0.038985
790,1090,2e-06,0.0,8e-05,5e-06,1.9e-05,0.036934999999999996
791,1091,4e-06,0.0,9.2e-05,4e-06,1.8e-05,0.03496
792,1092,2e-06,0.0,9.1e-05,2.9999999999999997e-06,1.8e-05,0.033037000000000004
793,1093,1e-06,0.0,7.8e-05,2e-06,1.7e-05,0.031094
794,1094,1e-06,0.0,6.1000000000000005e-05,2e-06,1.6e-05,0.029176
795,1095,1e-06,0.0,4.7000000000000004e-05,1e-06,1.5e-05,0.027148
796,1096,1e-06,0.0,3.6e-05,1e-06,1.4e-05,0.025237
797,1097,0.0,0.0,2.8999999999999997e-05,1e-06,1.3e-05,0.023184999999999997
798,1098,0.0,0.0,2.5e-05,1e-06,1.1999999999999999e-05,0.021259999999999998
799,1099,0.0,0.0,2.2000000000000003e-05,1e-06,1.1000000000000001e-05,0.019188
800,1100,0.0,0.0,2.1e-05,0.0,1e-05,0.017044999999999998
801,1101,0.0,0.0,2.3999999999999997e-05,0.0,1e-05,0.017106
802,1102,0.0,0.0,2.7000000000000002e-05,0.0,1e-05,0.017087
803,1103,0.0,0.0,2.8999999999999997e-05,0.0,1e-05,0.017149
804,1104,0.0,0.0,2.7000000000000002e-05,0.0,1e-05,0.017013
805,1105,0.0,0.0,2.3999999999999997e-05,0.0,1e-05,0.016933
806,1106,1e-06,0.0,2.1e-05,0.0,1e-05,0.016923999999999998
807,1107,2e-06,0.0,1.9e-05,0.0,1e-05,0.016804
808,1108,2.9999999999999997e-06,0.0,1.9e-05,0.0,1.1000000000000001e-05,0.016746
809,1109,2e-06,0.0,1.9e-05,0.0,1.1000000000000001e-05,0.016649
810,1110,2.9999999999999997e-06,0.0,2e-05,0.0,1.1000000000000001e-05,0.016675
811,1111,1e-06,0.0,2.3e-05,0.0,1.1000000000000001e-05,0.016562
812,1112,1e-06,0.0,2.7000000000000002e-05,1e-06,1.1000000000000001e-05,0.016554
813,1113,1e-06,0.0,3.3e-05,1e-06,1.1000000000000001e-05,0.016493999999999998
814,1114,1e-06,0.0,4e-05,1e-06,1.1999999999999999e-05,0.016493
815,1115,1e-06,0.0,4.7999999999999994e-05,1e-06,1.1999999999999999e-05,0.016448
816,1116,1e-06,0.0,5.2e-05,1e-06,1.1999999999999999e-05,0.016493
817,1117,1e-06,0.0,5.2e-05,1e-06,1.1999999999999999e-05,0.01651
818,1118,1e-06,0.0,5.1000000000000006e-05,1e-06,1.1999999999999999e-05,0.016559
819,1119,1e-06,0.0,5.1000000000000006e-05,1e-06,1.3e-05,0.016662999999999997
820,1120,1e-06,0.0,4.7999999999999994e-05,1e-06,1.3e-05,0.016667
821,1121,1e-06,0.0,4.3e-05,1e-06,1.3e-05,0.016708
822,1122,0.0,0.0,3.6e-05,1e-06,1.4e-05,0.016753
823,1123,0.0,0.0,3e-05,1e-06,1.4e-05,0.01675
824,1124,0.0,0.0,2.6e-05,2e-06,1.4e-05,0.016769
825,1125,1e-06,0.0,2.3e-05,2e-06,1.4e-05,0.016776
826,1126,0.0,0.0,2.1e-05,2e-06,1.5e-05,0.016807000000000002
827,1127,0.0,0.0,1.9e-05,2e-06,1.5e-05,0.016776
828,1128,0.0,0.0,1.7e-05,2.9999999999999997e-06,1.5e-05,0.016672
829,1129,0.0,0.0,1.6e-05,2.9999999999999997e-06,1.6e-05,0.016711
830,1130,0.0,0.0,1.6e-05,2.9999999999999997e-06,1.6e-05,0.016686
831,1131,1e-06,0.0,1.5e-05,2.9999999999999997e-06,1.7e-05,0.016626000000000002
832,1132,1e-06,0.0,1.4e-05,4e-06,1.7e-05,0.016572
833,1133,1e-06,0.0,1.4e-05,4e-06,1.8e-05,0.016536
834,1134,1e-06,0.0,1.4e-05,4e-06,1.8e-05,0.016524
835,1135,1e-06,0.0,1.3e-05,4e-06,1.9e-05,0.016501
836,1136,1e-06,0.0,1.3e-05,4e-06,1.9e-05,0.016429
837,1137,1e-06,1e-06,1.3e-05,4e-06,2e-05,0.016479999999999998
838,1138,1e-06,1e-06,1.3e-05,4e-06,2e-05,0.016439
839,1139,1e-06,1e-06,1.3e-05,4e-06,2.1e-05,0.016485
840,1140,1e-06,1e-06,1.3e-05,4e-06,2.1e-05,0.016491
841,1141,1e-06,1e-06,1.3e-05,4e-06,2.2000000000000003e-05,0.016524
842,1142,1e-06,1e-06,1.3e-05,4e-06,2.3e-05,0.016554
843,1143,1e-06,1e-06,1.3e-05,4e-06,2.3e-05,0.01655
844,1144,1e-06,1e-06,1.3e-05,4e-06,2.3999999999999997e-05,0.016589
845,1145,1e-06,1e-06,1.3e-05,4e-06,2.5e-05,0.016674
846,1146,1e-06,1e-06,1.3e-05,4e-06,2.6e-05,0.016633
847,1147,1e-06,1e-06,1.3e-05,4e-06,2.7000000000000002e-05,0.016659
848,1148,1e-06,2e-06,1.4e-05,4e-06,2.8e-05,0.016688
849,1149,1e-06,2e-06,1.4e-05,4e-06,2.8999999999999997e-05,0.016641
850,1150,1e-06,2e-06,1.4e-05,4e-06,3e-05,0.016664
851,1151,1e-06,2e-06,1.5e-05,4e-06,3.1e-05,0.016668000000000002
852,1152,1e-06,2e-06,1.6e-05,5e-06,3.2e-05,0.016662
853,1153,2e-06,2e-06,1.7e-05,5e-06,3.4e-05,0.016747
854,1154,2.9999999999999997e-06,2e-06,1.8e-05,5e-06,3.5000000000000004e-05,0.01665
855,1155,4e-06,2e-06,1.9e-05,5e-06,3.6e-05,0.016619
856,1156,4e-06,2e-06,2.1e-05,5.999999999999999e-06,3.8e-05,0.016666
857,1157,2.9999999999999997e-06,2.9999999999999997e-06,2.3e-05,5.999999999999999e-06,3.9e-05,0.016609
858,1158,2.9999999999999997e-06,2.9999999999999997e-06,2.6e-05,5.999999999999999e-06,4.1e-05,0.016615
859,1159,2.9999999999999997e-06,2.9999999999999997e-06,3e-05,5.999999999999999e-06,4.3e-05,0.016582
860,1160,2.9999999999999997e-06,2.9999999999999997e-06,3.4e-05,7e-06,4.4999999999999996e-05,0.016666
861,1161,2.9999999999999997e-06,2.9999999999999997e-06,3.9e-05,7e-06,4.7000000000000004e-05,0.016602
862,1162,2.9999999999999997e-06,4e-06,4.4999999999999996e-05,7e-06,4.9e-05,0.016632
863,1163,2e-06,4e-06,5.1000000000000006e-05,7e-06,5.1000000000000006e-05,0.016596
864,1164,2e-06,4e-06,5.7e-05,7e-06,5.4000000000000005e-05,0.016604
865,1165,2e-06,4e-06,6.1000000000000005e-05,5.999999999999999e-06,5.6e-05,0.016552
866,1166,2e-06,5e-06,6.4e-05,5.999999999999999e-06,5.9e-05,0.016574
867,1167,2e-06,5e-06,6.5e-05,5.999999999999999e-06,6.2e-05,0.016555
868,1168,2e-06,5.999999999999999e-06,6.3e-05,7e-06,6.6e-05,0.016557
869,1169,2e-06,5.999999999999999e-06,6.1000000000000005e-05,7e-06,7.000000000000001e-05,0.016602
870,1170,2e-06,7e-06,5.9e-05,7e-06,7.3e-05,0.016541999999999998
871,1171,2.9999999999999997e-06,8e-06,5.7999999999999994e-05,7e-06,7.8e-05,0.016515
872,1172,2.9999999999999997e-06,9e-06,5.7e-05,7e-06,8.2e-05,0.016493
873,1173,4e-06,1e-05,5.7e-05,7e-06,8.7e-05,0.016426
874,1174,4e-06,1.1000000000000001e-05,5.7999999999999994e-05,8e-06,9.2e-05,0.016386
875,1175,5e-06,1.1999999999999999e-05,5.7999999999999994e-05,8e-06,9.8e-05,0.016343
876,1176,5e-06,1.4e-05,5.7999999999999994e-05,9e-06,0.000105,0.016334
877,1177,5.999999999999999e-06,1.5e-05,5.6e-05,9e-06,0.000111,0.016276
878,1178,5.999999999999999e-06,1.7e-05,5.4000000000000005e-05,1e-05,0.000118,0.016159
879,1179,7e-06,2e-05,5.2e-05,1.1000000000000001e-05,0.000127,0.016193
880,1180,8e-06,2.2000000000000003e-05,5e-05,1.1999999999999999e-05,0.000136,0.016177999999999998
881,1181,8e-06,2.6e-05,4.9e-05,1.3e-05,0.000146,0.016139
882,1182,9e-06,2.8999999999999997e-05,4.9e-05,1.5e-05,0.000156,0.016116
883,1183,9e-06,3.4e-05,4.9e-05,1.6e-05,0.000168,0.016118
884,1184,1e-05,3.9e-05,5.1000000000000006e-05,1.8e-05,0.000182,0.016148
885,1185,1.1999999999999999e-05,4.4999999999999996e-05,5.4000000000000005e-05,2.1e-05,0.000197,0.01617
886,1186,1.5e-05,5.2e-05,5.9e-05,2.3e-05,0.000213,0.016145
887,1187,2.3e-05,6.1000000000000005e-05,6.4e-05,2.7000000000000002e-05,0.00023199999999999997,0.016239
888,1188,4e-05,7.2e-05,7.000000000000001e-05,3e-05,0.000252,0.016238
889,1189,6.9e-05,8.5e-05,7.7e-05,3.5000000000000004e-05,0.000276,0.016316
890,1190,7.5e-05,0.0001,8.4e-05,4.1e-05,0.000302,0.016346
891,1191,4.7000000000000004e-05,0.000119,8.9e-05,4.7999999999999994e-05,0.000332,0.016393
892,1192,2.8e-05,0.000143,9.2e-05,5.7e-05,0.000366,0.016427
893,1193,2e-05,0.000171,9.400000000000001e-05,6.8e-05,0.000404,0.016417
894,1194,1.8e-05,0.000205,9.400000000000001e-05,8.2e-05,0.000449,0.01644
895,1195,2.2000000000000003e-05,0.000248,9.2e-05,9.900000000000001e-05,0.000503,0.0165
896,1196,2.8999999999999997e-05,0.000298,8.800000000000001e-05,0.000121,0.0005600000000000001,0.016426
897,1197,2.3999999999999997e-05,0.000357,8.4e-05,0.00015,0.00063,0.016413
898,1198,1.6e-05,0.000427,8e-05,0.00018700000000000002,0.0007109999999999999,0.016397
899,1199,1.1999999999999999e-05,0.000501,7.6e-05,0.000235,0.000802,0.016303
900,1200,1e-05,0.000583,7.400000000000001e-05,0.000301,0.000912,0.016276
